10:02,Ana
10:12,Ana,Bruno
10:22,Ana,Bruno,Catarina
10:32,Ana,Bruno,Catarina,Diogo
10:34,Ana,Bruno,Catarina,Diogo,Eduardo
10:36,Ana,Bruno,Catarina,Diogo,Eduardo,Filipa
10:38,Ana,Bruno,Catarina,Diogo,Eduardo,Filipa,Goncalo
10:40,Ana,Bruno,Catarina,Diogo,Eduardo,Filipa,Goncalo,Helena
10:42,Ana,Bruno,Catarina,Diogo,Eduardo,Filipa,Goncalo,Helena,Ines
10:44,Ana,Bruno,Catarina,Diogo,Eduardo,Filipa,Goncalo,Helena,Ines,Joao
10:46,Ana,Bruno,Catarina,Diogo,Eduardo,Filipa,Goncalo,Helena,Ines,Joao,Karina
10:48,Ana,Bruno,Catarina,Diogo,Eduardo,Filipa,Goncalo,Helena,Ines,Joao,Karina,Luis
10:50,Ana,Bruno,Catarina,Diogo,Eduardo,Filipa,Goncalo,Helena,Ines,Joao,Karina,Luis,Mariana
10:52,Ana,Bruno,Catarina,Diogo,Eduardo,Filipa,Goncalo,Helena,Ines,Joao,Karina,Luis,Mariana,Nuno
13:02,Ana,Bruno,Catarina,Diogo,Eduardo,Filipa,Goncalo,Helena,Ines,Joao,Karina,Luis,Mariana,Nuno,Olga
14:07,Ana,Bruno,Catarina,Diogo,Eduardo,Filipa,Goncalo,Helena,Ines,Joao,Karina,Luis,Mariana,Nuno,Olga,Pedro
14:12,Ana,Bruno,Catarina,Diogo,Eduardo,Filipa,Goncalo,Helena,Ines,Joao,Karina,Luis,Mariana,Nuno,Olga,Pedro,Quim
14:17,Ana,Bruno,Catarina,Diogo,Eduardo,Filipa,Goncalo,Helena,Ines,Joao,Karina,Luis,Mariana,Nuno,Olga,Pedro,Quim,Rita
10:12,Bruno,Catarina,Diogo,Eduardo,Filipa,Goncalo,Helena,Ines,Joao,Karina,Luis,Mariana,Nuno,Olga,Pedro,Quim,Rita
10:27,Diogo,Eduardo,Filipa,Goncalo,Helena,Ines,Joao,Karina,Luis,Mariana,Nuno,Olga,Pedro,Quim,Rita
10:50,Filipa,Goncalo,Helena,Ines,Joao,Karina,Luis,Mariana,Nuno,Olga,Pedro,Quim,Rita
11:25,Helena,Ines,Joao,Karina,Luis,Mariana,Nuno,Olga,Pedro,Quim,Rita
12:00,Joao,Karina,Luis,Mariana,Nuno,Olga,Pedro,Quim,Rita
12:40,Luis,Mariana,Nuno,Olga,Pedro,Quim,Rita
13:07,Nuno,Olga,Pedro,Quim,Rita
13:20,Pedro,Quim,Rita
14:12,Quim,Rita
